{"cameraMode":{"drawMode":0,"name":"Shaded","section":"Shading Mode"},"sceneLighting":true,"audioPlay":false,"sceneViewState":{"m_AlwaysRefresh":false,"showFog":true,"showSkybox":true,"showFlares":true,"showImageEffects":true,"showParticleSystems":true,"showVisualEffectGraphs":true,"m_FxEnabled":true},"in2DMode":false,"pivot":{"x":-618.6664428710938,"y":9.174574851989746,"z":-11.172151565551758},"rotation":{"x":-0.1393631249666214,"y":-0.028569037094712259,"z":0.004069728311151266,"w":-0.9903753995895386},"size":13.368977546691895,"orthographic":false}