{"cameraMode":{"drawMode":0,"name":"Shaded","section":"Shading Mode"},"sceneLighting":false,"audioPlay":false,"sceneViewState":{"m_AlwaysRefresh":false,"showFog":true,"showSkybox":false,"showFlares":true,"showImageEffects":true,"showParticleSystems":true,"showVisualEffectGraphs":true,"m_FxEnabled":true},"in2DMode":false,"pivot":{"x":-7.154755592346191,"y":2.755093812942505,"z":4.0129241943359379},"rotation":{"x":0.0026017148047685625,"y":0.9672579765319824,"z":0.009854542091488839,"w":-0.2543298900127411},"size":1.5923011302947999,"orthographic":false}